keyword,priority_score,content_type,difficulty,search_intent,word_count,estimated_competition,content_potential,processed_date
freebsd jobs,89.06170516183737,career,medium,high_intent,2,medium,excellent,2025-08-08 10:03:45
aix jobs in dubai,84.57810547110203,career,medium,informational,4,medium,excellent,2025-08-08 10:03:45
aix jobs in india,83.90068995380528,career,medium,informational,4,medium,excellent,2025-08-08 10:03:45
as400 freelance jobs,83.43833595046999,career,medium,high_intent,3,medium,excellent,2025-08-08 10:03:45
aix job openings,82.77815376156914,career,medium,informational,3,medium,excellent,2025-08-08 10:03:45
as400 jobs in dubai,82.76597161865054,career,medium,informational,4,medium,excellent,2025-08-08 10:03:45
aix administrator jobs,82.17798327859303,career,medium,informational,3,medium,excellent,2025-08-08 10:03:45
aix jobs uk,81.6438360526579,career,medium,informational,3,medium,excellent,2025-08-08 10:03:45
aix careers,77.26253362911856,career,medium,informational,2,medium,excellent,2025-08-08 10:03:45
operating systems jobs reddit,76.29679795119652,career,expert,informational,4,medium,excellent,2025-08-08 10:03:45
aix jobs remote,75.10832586626661,career,medium,informational,3,medium,excellent,2025-08-08 10:03:45
operating systems job,74.1840564348465,career,expert,informational,3,medium,excellent,2025-08-08 10:03:45
aix jobs south africa,74.12373835373928,career,medium,informational,4,medium,excellent,2025-08-08 10:03:45
aix jobs in bangalore,74.00536217823132,career,medium,informational,4,medium,excellent,2025-08-08 10:03:45
aix job description,73.79073595307892,career,medium,informational,3,medium,excellent,2025-08-08 10:03:45
aix jobs in usa,73.70395508434477,career,medium,informational,4,medium,excellent,2025-08-08 10:03:45
aix jobs near me,73.69087520117013,career,medium,informational,4,medium,excellent,2025-08-08 10:03:45
aix jobs in australia,73.66014240908468,career,medium,informational,4,medium,excellent,2025-08-08 10:03:45
aix jobs in kuwait,73.15771584713829,career,medium,informational,4,medium,excellent,2025-08-08 10:03:45
aix jobs,72.46562546061719,career,medium,informational,2,medium,excellent,2025-08-08 10:03:45
aix jobs in canada,71.7518201626014,career,medium,informational,4,medium,excellent,2025-08-08 10:03:45
operating systems engineer salary,71.18359196352189,career,expert,informational,4,medium,excellent,2025-08-08 10:03:45
linux system administrator jobs,70.73147417273164,career,expert,informational,4,medium,excellent,2025-08-08 10:03:44
operating systems job description,68.53595037168002,career,expert,informational,4,medium,good,2025-08-08 10:03:45
operating systems engineer jobs,68.29714792935192,career,expert,informational,4,medium,good,2025-08-08 10:03:45
as400 part time jobs,67.9651856709734,career,medium,informational,4,medium,good,2025-08-08 10:03:45
operating systems jobs,67.76315515714782,career,expert,informational,3,medium,good,2025-08-08 10:03:45
as400 debug batch job,67.62279967328068,career,medium,informational,4,medium,good,2025-08-08 10:03:45
linux jobs in bangalore,67.52211222389856,career,medium,informational,4,medium,good,2025-08-08 10:03:44
as400 jobs in canada,67.48445938460019,career,medium,informational,4,medium,good,2025-08-08 10:03:45
linux administrator jobs,67.19515676314685,career,medium,informational,3,medium,good,2025-08-08 10:03:44
hp-ux jobs,67.03772878177385,career,medium,informational,2,medium,good,2025-08-08 10:03:46
linux jobs,66.90548579333787,career,medium,informational,2,medium,good,2025-08-08 10:03:45
as400 job schedule,66.73910345050405,career,medium,informational,3,medium,good,2025-08-08 10:03:45
hpux job,66.68662020355153,career,medium,informational,2,medium,good,2025-08-08 10:03:45
linux job,65.93848219275566,career,medium,informational,2,medium,good,2025-08-08 10:03:45
as400 job,65.87766498310515,career,medium,informational,2,medium,good,2025-08-08 10:03:45
as400 job description,65.00992307923536,career,medium,informational,3,medium,good,2025-08-08 10:03:45
as400 joblog,64.77191899202546,career,medium,informational,2,medium,good,2025-08-08 10:03:45
solaris healthcare careers,64.73640825315164,career,medium,informational,3,medium,good,2025-08-08 10:03:45
ios jobs,64.67343279191043,career,medium,informational,2,medium,good,2025-08-08 10:03:44
as400 testing jobs,64.49219107752013,career,medium,informational,3,medium,good,2025-08-08 10:03:45
as400 admin jobs,64.4056497365347,career,medium,informational,3,medium,good,2025-08-08 10:03:45
as400 jobs remote,64.29458699119289,career,medium,informational,3,medium,good,2025-08-08 10:03:45
hpux jobs,64.26105079157242,career,medium,informational,2,medium,good,2025-08-08 10:03:45
as400 admin jobs in dubai,64.21222891479599,career,medium,informational,5,medium,good,2025-08-08 10:03:45
as400 job opportunities,64.18817115518227,career,medium,informational,3,medium,good,2025-08-08 10:03:45
linux engineer job description,64.17942478688028,career,medium,informational,4,medium,good,2025-08-08 10:03:44
as400 wrkjobq,63.723799367704665,career,medium,informational,2,medium,good,2025-08-08 10:03:45
ios jobs in bangalore,63.70170583381713,career,medium,informational,4,medium,good,2025-08-08 10:03:44
linux jobs in india,63.44909585003671,career,medium,informational,4,medium,good,2025-08-08 10:03:44
solaris jobs,63.16941644022204,career,medium,informational,2,medium,good,2025-08-08 10:03:45
ios developer jobs,63.114428649395464,career,medium,informational,3,medium,good,2025-08-08 10:03:44
operating systems career,63.03673368079749,career,expert,informational,3,medium,good,2025-08-08 10:03:45
linux jobs for freshers,62.95785901432044,career,medium,informational,4,medium,good,2025-08-08 10:03:44
as400 joblog pending,62.8143961130948,career,medium,informational,3,medium,good,2025-08-08 10:03:45
as400 rpg jobs,62.74162728520414,career,medium,informational,3,medium,good,2025-08-08 10:03:45
windows jobs,62.64008824768341,career,medium,informational,2,medium,good,2025-08-08 10:03:44
as400 support jobs,62.521755318845656,career,medium,informational,3,medium,good,2025-08-08 10:03:45
hpux careers,62.51520587949878,career,medium,informational,2,medium,good,2025-08-08 10:03:45
linux administrator job description,62.47663463869169,career,medium,informational,4,medium,good,2025-08-08 10:03:44
as400 developer salary,62.37335877812765,career,medium,informational,3,medium,good,2025-08-08 10:03:45
as400 remote jobs,62.312693903317786,career,medium,informational,3,medium,good,2025-08-08 10:03:45
linux job openings,62.279543936557694,career,medium,informational,3,medium,good,2025-08-08 10:03:44
as400 jobs in bangalore,62.12580124611996,career,medium,informational,4,medium,good,2025-08-08 10:03:45
macos jobs,61.99403337013031,career,medium,informational,2,medium,good,2025-08-08 10:03:44
as400 jobs in germany,61.924933490066174,career,medium,informational,4,medium,good,2025-08-08 10:03:45
macos job description,61.87691037611654,career,medium,informational,3,medium,good,2025-08-08 10:03:44
as400 operator jobs,61.7902823193279,career,medium,informational,3,medium,good,2025-08-08 10:03:45
linux job opportunities,61.775224022044306,career,medium,informational,3,medium,good,2025-08-08 10:03:45
macos jamf administrator jobs,61.64849125885183,career,medium,informational,4,medium,good,2025-08-08 10:03:44
solaris careers,61.55462718289697,career,medium,informational,2,medium,good,2025-08-08 10:03:45
as400 remote jobs usa,61.11872589128671,career,medium,informational,4,medium,good,2025-08-08 10:03:45
linux jobs salary,61.074075543869945,career,medium,informational,3,medium,good,2025-08-08 10:03:44
android jobs,60.70852434614605,career,medium,informational,2,medium,good,2025-08-08 10:03:44
as400 advanced job scheduler,60.63306318636326,career,medium,informational,4,medium,good,2025-08-08 10:03:45
solaris job openings,60.59818910250188,career,medium,informational,3,medium,good,2025-08-08 10:03:45
linux engineer jobs,60.552463803891214,career,medium,informational,3,medium,good,2025-08-08 10:03:44
linux jobs entry level,60.46436927884347,career,medium,informational,4,medium,good,2025-08-08 10:03:44
linux job openings,60.42878113765921,career,medium,informational,3,medium,good,2025-08-08 10:03:45
aix jobs in south africa,60.18929277167508,career,medium,informational,5,medium,good,2025-08-08 10:03:45
openbsd jobs,60.14065512336161,career,medium,informational,2,medium,good,2025-08-08 10:03:45
as400 fresher jobs,60.05840282369965,career,medium,informational,3,medium,good,2025-08-08 10:03:45
as400 jobs in uk,60.02685811523797,career,medium,informational,4,medium,good,2025-08-08 10:03:45
ios developer salary,59.88118627734755,career,medium,informational,3,medium,good,2025-08-08 10:03:44
as400 jobs salary,59.85317769098834,career,medium,informational,3,medium,good,2025-08-08 10:03:45
linux job opportunities,59.75970066277266,career,medium,informational,3,medium,good,2025-08-08 10:03:44
as400 salary in india,59.60667749250664,career,medium,informational,4,medium,good,2025-08-08 10:03:45
netbsd jobs,59.3996534980347,career,medium,informational,2,medium,good,2025-08-08 10:03:45
solaris administrator jobs,59.11766696555401,career,medium,informational,3,medium,good,2025-08-08 10:03:45
linux jobs near me,58.87570154015333,career,medium,informational,4,medium,good,2025-08-08 10:03:45
android developer salary,58.7847000415276,career,medium,informational,3,medium,good,2025-08-08 10:03:44
as400 job control language,58.604900192920084,career,medium,informational,4,medium,good,2025-08-08 10:03:45
as400 job log history,58.1972166720972,career,medium,informational,4,medium,good,2025-08-08 10:03:45
as400 remote jobs india,58.11976449569255,career,medium,informational,4,medium,good,2025-08-08 10:03:45
factory work operating systems job in usa,57.56375684319826,career,expert,informational,7,medium,good,2025-08-08 10:03:45
as400 work job scheduler,57.4306332939905,career,medium,informational,4,medium,good,2025-08-08 10:03:45
solaris jobs openings,57.097997320452706,career,medium,informational,3,medium,good,2025-08-08 10:03:45
solaris job vacancy,56.8280949345983,career,medium,informational,3,medium,good,2025-08-08 10:03:45
ios jobs in hyderabad,56.61303163134296,career,medium,informational,4,medium,good,2025-08-08 10:03:44
as400 jobs computer operator,56.50731360445059,career,medium,informational,4,medium,good,2025-08-08 10:03:45
windows job scheduler,56.48978857339704,career,medium,informational,3,medium,good,2025-08-08 10:03:44
as400 production support jobs,56.10280810163035,career,medium,informational,4,medium,good,2025-08-08 10:03:45
as400 rpg programmer jobs,55.796427668999065,career,medium,informational,4,medium,good,2025-08-08 10:03:45
as400 jobs in singapore,55.72504552003332,career,medium,informational,4,medium,good,2025-08-08 10:03:45
linux jobs entry level,55.62910795382529,career,medium,informational,4,medium,good,2025-08-08 10:03:45
linux engineer salary,55.49679182715041,career,medium,informational,3,medium,good,2025-08-08 10:03:44
as400 operations jobs,55.35430363092772,career,medium,informational,3,medium,good,2025-08-08 10:03:45
linux jobs,55.30554588914668,career,medium,informational,2,medium,good,2025-08-08 10:03:44
as400 wrkjob,54.834537297203724,career,medium,informational,2,medium,good,2025-08-08 10:03:45
solaris legal salary,54.800063292499715,career,medium,informational,3,medium,good,2025-08-08 10:03:45
as400 administrator jobs,54.72329206139298,career,medium,informational,3,medium,good,2025-08-08 10:03:45
ios job openings,54.71220422309635,career,medium,informational,3,medium,good,2025-08-08 10:03:44
as400 jobs in india,54.49325364851872,career,medium,informational,4,medium,good,2025-08-08 10:03:45
as400 jobs in malaysia,54.383841501178004,career,medium,informational,4,medium,good,2025-08-08 10:03:45
as400 jobs,54.368109632227245,career,medium,informational,2,medium,good,2025-08-08 10:03:45
as400 rtvjoba,54.16764526570525,career,medium,informational,2,medium,good,2025-08-08 10:03:45
as400 jobs in usa,54.13329990147189,career,medium,informational,4,medium,good,2025-08-08 10:03:45
as400 job openings,54.1028911596582,career,medium,informational,3,medium,good,2025-08-08 10:03:45
linux jobs near me,54.049338509186214,career,medium,informational,4,medium,good,2025-08-08 10:03:44
ios developer job description,53.94988152071865,career,medium,informational,4,medium,good,2025-08-08 10:03:44
as400 jobs near me,53.760441626715874,career,medium,informational,4,medium,good,2025-08-08 10:03:45
hp-ux job,53.47418437860436,career,medium,informational,2,medium,good,2025-08-08 10:03:46
android developer jobs,53.421422846093144,career,medium,informational,3,medium,good,2025-08-08 10:03:44
as400 programmer jobs,53.40181994635387,career,medium,informational,3,medium,good,2025-08-08 10:03:45
as400 iseries jobs,53.24949858830726,career,medium,informational,3,medium,good,2025-08-08 10:03:45
as400 cobol jobs,53.243245857071535,career,medium,informational,3,medium,good,2025-08-08 10:03:45
as400 rpg remote jobs,53.10267499414293,career,medium,informational,4,medium,good,2025-08-08 10:03:45
as400 iseries computer operator jobs,43.874271024842564,career,medium,informational,5,medium,fair,2025-08-08 10:03:45
as400 work with scheduled jobs,43.86114328426181,career,medium,informational,5,medium,fair,2025-08-08 10:03:45
as400 operator jobs in gauteng south africa,42.71686553217237,career,medium,informational,7,medium,fair,2025-08-08 10:03:45
as400 work from home jobs,42.49980133766987,career,medium,informational,5,medium,fair,2025-08-08 10:03:45
as400 jobs near me part time,40.77556758736122,career,medium,informational,6,medium,fair,2025-08-08 10:03:45
as400 jobs work from home,33.81515022212908,career,medium,informational,5,medium,fair,2025-08-08 10:03:45
